{
    "j": "1j",
    "pi": 3.141592653589793,
    "mu_0": 1.2566370614359173e-06,
    "P": 20,
    "m": 3,
    "q": 4,
    "tau_p": 0.3654970760233918,
    "n_slot": 480,
    "y_Q": 12.0,
    "tau_d": 0.030458089668615986,
    "b_n": 0.021320662768031188,
    "h_cu": 0.04,
    "b_k": 0.009137426900584798,
    "b_e": 0.2,
    "b_0": 0.004568713450292399,
    "L_mot": 15.019883040935675,
    "L_p": 179.82456140350877,
    "epsilon": 0.015,
    "delta": 0.015,
    "g": 0.03,
    "h_1": 0.03,
    "h_2": 0.03,
    "h_3": 7.5,
    "w_yoke": 0.2,
    "h_yoke": 0.03,
    "w_rail": 0.3,
    "A": 71.9298245614035,
    "alpha": 0.4999999999999999,
    "sigma_rail": 34662045.060658574,
    "mu_yoke": 500,
    "sigma_yoke": 1.0,
    "sigma_coil": 48652330.44662839,
    "N_k": 12,
    "I_max_peak": 500.0,
    "slot_fill": 0.75
}